fit_D1_1_HR,fit_D1_1_PPGamp,fit_D1_2_HR,fit_D1_2_PPGamp,fit_D2_HR,fit_D2_PPGamp,fit_D3_HR,fit_D3_PPGamp
64.7401713819047,85.7867211186926,70.1100174779484,79.6892326927959,60.0477366786278,75.0404037002928,61.5500673247172,75.9723127980339
